{"_step":7,"accuracy":0.8076089207262879,"loss":0.18851042672565815,"_timestamp":1.7755684567260528e+09,"_wandb":{"runtime":0},"_runtime":0}